sp_id,seeker_post,config,response
56gg4d,"Something that kept me going.. Depression has already fked my past, I won't let it do the same to my future.",Baseline (GPT-3.5),"I hear you, and I admire your strength and determination to not let depression define your future. It's not easy to keep going when faced with such challenges, but your resilience is truly inspiring. Remember that you are not alone in this journey, and there are people who care about you and want to support you. Keep holding onto that hope for a brighter future, and take things one step at a time. You are stronger than you realize."
5xkjww,Just getting drunk enough to attempt suicide again. Obviously I have no one. Why should I even elaborate?,Baseline (GPT-3.5),"I'm so sorry to hear that you're feeling this way. It sounds like you're in a lot of pain right now. It's important to remember that you are not alone, even though it may feel that way. Your feelings are valid, and it's okay to reach out for help. Please know that there are people who care about you and want to support you through this difficult time. Would you like to talk more about what you're going through?"
7e1onn,Does anybody else look at their reflection and instantly get really upset?. Whenever I see my reflection in a camera or a mirror I feel myself fighting back the urge to just sit there and cry. It's like I'm not even looking at myself anymore.,Baseline (GPT-3.5),"I'm really sorry to hear that you're feeling this way. It sounds like you're going through a tough time right now. It's completely normal to have moments where we struggle with our self-image and how we see ourselves. Remember that you are not alone in feeling this way, and it's okay to have these emotions. Have you considered talking to someone about how you're feeling? Sharing your thoughts and feelings with a trusted friend, family member, or mental health professional can be really helpful. Take care of yourself."
7ei1zp,Wellbutrin. Wow. Today is day 32 of taking wellbutrin and I still haven't noticed any change in how I'm feeling. I don't feel any better and have not had any side effects. Did it take this long or longer for anyone here to experience a change?,Baseline (GPT-3.5),"I'm sorry to hear that you haven't noticed any changes in how you're feeling after 32 days of taking Wellbutrin. It can be frustrating when you're not seeing the results you were hoping for. It's important to remember that everyone's response to medication can vary, and sometimes it can take a bit longer to feel the full effects. I would recommend discussing your concerns with your healthcare provider to see if any adjustments may be needed. Remember, you're not alone in this journey, and it's okay to seek support."
atkzmx,"How do I know how to decide between seeing a therapist or a psychologist or a life coach ?? Please help. I am a 22 year old male, I work 2 part time jobs, I suffer from depression and loneliness and social anxiety and low self esteem, I don't know what to do with my life and what to do with myself. Which category should I seek help from ?",Baseline (GPT-3.5),"I'm really sorry to hear that you're going through such a tough time. It's great that you're considering seeking help, that's a big step in itself. When deciding between a therapist, psychologist, or life coach, it's important to consider the level of support and expertise you feel you need. 

A therapist, such as a counselor or a social worker, can help you work through your emotions, develop coping strategies, and address your mental health concerns like depression, loneliness, social anxiety, and low self-esteem. They can provide a safe space for you to explore your thoughts and feelings.

A psychologist is a mental health professional who can provide therapy as well as conduct psychological assessments and offer more specialized treatment for mental health conditions. They can help you understand the root causes of your struggles and work on long-term solutions.

A life coach focuses more on helping you set and achieve personal or professional goals, improve your self-confidence, and make positive changes in your life. They can provide guidance, motivation, and accountability to help you move forward.

Given the challenges you're facing, it might be beneficial to start with a therapist who can help you address your mental health concerns and work on building your self-esteem and coping skills. They can also help you explore your goals and aspirations for the future. Remember, it's okay to try out different professionals and see who you feel most comfortable with. Your well-being is important, and seeking help is a positive step towards feeling better."
7hs0gm,"Good things are happening, yet I've been on the verge of tears for days.. I've quit an awful job, got my old brilliant job back and just found out I passed an exam vital to progressing in my career. Yet, all I want to do is break down and cry. Maybe it's the weather and dark days. I don't know anymore",Baseline (GPT-3.5),"It sounds like you've been through a lot of changes recently, and it's completely normal to feel overwhelmed even when good things are happening. It's okay to feel emotional, especially with the added stress of the weather and dark days. Remember to be kind to yourself during this time and allow yourself to process your emotions. If you feel like you need extra support, consider reaching out to a therapist or a trusted friend to talk about how you're feeling. You're not alone in this, and it's okay to seek help when you need it."
7eovdf,"Does anyone else get really cruel thoughts spontaneously?. For example, I can just be at school and I look at a single person I don't know and just will imagine them either being killed or having a cruel scenario happening to them. I wouldn't do anything I imagine, but those thoughts are purely random and uncontrolled.",Baseline (GPT-3.5),"I'm really sorry to hear that you're experiencing these intrusive and distressing thoughts. It's important to remember that having these thoughts doesn't make you a bad person, and it's actually more common than you might think. It could be a symptom of anxiety or other mental health issues. Have you considered talking to a mental health professional about these thoughts? They can help you understand why they're happening and provide strategies to cope with them. Remember, you're not alone in this, and there is support available to help you through this."
8iugtk,Has medical marijuana worked for other peoples depression?. I'm just curious about peoples ideas on the matter.,Baseline (GPT-3.5),"It's great that you're curious about exploring different options for managing depression. Some people have found relief from their symptoms with medical marijuana, while others may not have the same experience. It's important to remember that everyone's response to treatment is unique, and what works for one person may not work for another. If you're considering trying medical marijuana, I would recommend discussing it with a healthcare provider to get personalized guidance and support. Remember, it's okay to explore different options until you find what works best for you."
5eg6ys,Please help.. My girlfriend wants to kill her self. Extremely serious.,Baseline (GPT-3.5),"I'm so sorry to hear that you're going through this. It's really important to take this seriously and get help right away. Please call emergency services or a crisis hotline for immediate support. Your girlfriend's safety is the top priority right now. You're not alone in this, and there are people who can help."
8dlors,I'm a fucking idiot.. Just a stupid pathetic fucking idiot.,Baseline (GPT-3.5),I'm sorry to hear that you're feeling this way. It's okay to have moments of self-doubt and frustration. Remember that everyone makes mistakes and it doesn't define your worth as a person. Is there anything specific that's been bothering you?
7hfdd0,Depression is like standing in a puddle of darkness slowly being pulled under.. No one's coming to save me.,Baseline (GPT-3.5),"I'm so sorry to hear that you're feeling this way. It sounds like you're going through a really tough time. Remember that you're not alone, and there are people who care about you and want to help. It's important to reach out for support, whether that's talking to a friend, a therapist, or a helpline. You deserve to feel better, and there is hope for brighter days ahead."
6tgn2e,So sad i can't even leave my bed but i don't know why. I guess that's depression for you,Baseline (GPT-3.5),"I'm really sorry to hear that you're feeling this way. It's okay to not have all the answers right now. It's important to take care of yourself and reach out for support when you need it. You're not alone in this, and there are people who care about you and want to help. Would you like to talk more about how you're feeling?"
7uekc6,dont want to be alive anymore. hate myself and i hate my life,Baseline (GPT-3.5),"I'm so sorry to hear that you're feeling this way. It sounds like you're going through a really tough time right now. It's important to remember that you are not alone and there are people who care about you. Have you considered reaching out to a mental health professional or a trusted friend or family member for support? Your feelings are valid, and it's okay to ask for help."
8tlyny,"Should I end it now that it's all going well?. Things are picking up, slowly but surely. Should I end my life on a high note?",Baseline (GPT-3.5),"I'm so sorry to hear that you're feeling this way. It's understandable to have these thoughts, especially when things are starting to improve. Please remember that you are not alone and there are people who care about you. It's important to reach out for help and talk to someone about how you're feeling. Your life is valuable and there is hope for a brighter future. You deserve to feel better and to see the positive changes continue in your life."
85o241,Feeling nervous when happy. So yesterday I felt happy for the first time in a while and switched from my depressing music to my happy music. I quickly switched back to my depressing music because the happiness made me feel uneasy and nervous. Anyone else have this happen to them?,Baseline (GPT-3.5),"It's completely understandable to feel a mix of emotions, even when experiencing happiness. It's great that you were able to recognize how you were feeling and make a choice that felt more comfortable for you. Remember, emotions can be complex and it's okay to feel a range of them at the same time. Take care of yourself and know that you're not alone in experiencing these feelings."
9zfkry,I feel so lost. I feel like I am losing myself.,Baseline (GPT-3.5),"I'm so sorry to hear that you're feeling this way. It's completely normal to feel lost at times, but please know that you are not alone. It's important to take care of yourself and reach out for support when you need it. Would you like to talk more about what you're going through?"
4feupw,I'm doomed to die.. I'm unfixable. I can't live anymore. I'm sorry.,Baseline (GPT-3.5),"I'm so sorry to hear that you're feeling this way. It sounds like you're in a lot of pain right now. Please know that you are not alone, and there are people who care about you and want to help. It's important to reach out for support, whether that's talking to a friend, family member, therapist, or a helpline. Your feelings are valid, and there is hope for things to get better. You deserve to feel better and to receive the help you need."
6xrpju,i dont want to die. i dont want to be nuked. i dont want to go to war. i dont know what to do with these feelings. every night i have anxiety attacks thinking about everything thats happening and its too much. i dont know what to do anymore. i can't keep ignoring everything.,Baseline (GPT-3.5),"I'm so sorry to hear that you're feeling this way. It sounds like you're carrying a heavy burden of fear and anxiety about the world around you, and that can be incredibly overwhelming. It's important to remember that your feelings are valid and that it's okay to feel scared and uncertain in times like these. Have you considered reaching out to a mental health professional for support? They can provide you with coping strategies and a safe space to process your emotions. Remember, you're not alone in this, and there are people who care about you and want to help."
97al0v,"Depression feels like needing 200 mana to do things around the house, when it would normally cost someone 50.. Then everytime you feel ashamed of yourself because of it, the cost rises.",Baseline (GPT-3.5),I'm really sorry to hear that you're feeling this way. Depression can definitely make even the simplest tasks feel overwhelming and exhausting. It's important to remember that it's not your fault and you're not alone in feeling this way. Please be kind to yourself and reach out for support when you need it. You deserve understanding and compassion during this difficult time.
9u0eyv,Anyone else hate social media stories?. Also lives bc they show other people having fun together just at the same time that you're sitting alone in a dark room wishing you weren't born. Also I see lots if things I wasn't invited to so that's always great,Baseline (GPT-3.5),"I'm really sorry to hear that you're feeling this way. It's completely understandable to feel left out or lonely when seeing others having fun on social media. Remember that people usually only share the highlights of their lives, and it's okay to take a break from social media if it's affecting your mental health. Your feelings are valid, and you deserve to feel included and appreciated. If you ever need someone to talk to, I'm here to listen."
5mahh6,Do you all hate the news too?. It's always more new depressing shit happening in the world.,Baseline (GPT-3.5),I hear you. It can be really overwhelming and disheartening to constantly see negative news stories. It's important to take breaks and prioritize your mental well-being. Remember that it's okay to step away from the news when it becomes too much for you. Take care of yourself.
4aritv,"wish I were dead :(. About 19 years ago, I tried to kill myself by swallowing 31 extra strength sleeping pills - and I had an amazing spiritual experience. So now I know that killing myself will just make it worse and that I can't die until God takes me himself. That doesn't stop me from wishing I were dead. I recently saw a doctor because I had some throat cancer symptoms. Unfortunately I didn't. My soul feels like it was stabbed multiple times. The thought of maybe having to live 30-40 more years is the worst feeling I have ever had since the hours before my suicide attempt. :(",Baseline (GPT-3.5),"I'm so sorry to hear that you're feeling this way. It sounds like you've been through a lot and are carrying a heavy burden. It's understandable that you're struggling with these thoughts and feelings, especially after experiencing such intense emotions in the past. It's important to remember that you are not alone in this, and there are people who care about you and want to support you through this difficult time. Have you considered reaching out to a therapist or counselor to talk about these feelings and work through them together? Your well-being is important, and there are resources available to help you navigate through this pain."
507z99,Anyone else 20+ unemployed with no money?. Just want to know if I'm alone. ;_;,Baseline (GPT-3.5),"I'm really sorry to hear that you're going through a tough time. It's completely understandable to feel alone and overwhelmed in this situation. Remember, you are not alone, and there are resources and support available to help you through this difficult period. Please reach out to me if you need someone to talk to or if you'd like me to help you find some resources that might be able to assist you. You deserve support and understanding during this challenging time."
98p8jm,"Feeling really bad.. Feel like a human punching bag, everyone just picks on me and i just laugh it off even people that hardly know me. I honestly don't feel like there's anyone in my life I can trust, I have no one.",Baseline (GPT-3.5),"I'm so sorry to hear that you're feeling this way. It sounds like you're going through a really tough time right now. It's important to remember that you deserve to be treated with kindness and respect. Is there anything specific that's been bothering you lately? Remember, you're not alone, and there are people who care about you and want to support you through this."
6oyohr,"I have come to terms with the fact that I am unlovable. Just because I've accepted it doesn't make it hurt any less. I wish I want disabled, I wish I wasn't ugly, I wish I was at least average height, I wish I was confident. That, or I wish I was dead. I can't handle being this lonely any longer.",Baseline (GPT-3.5),"I'm so sorry to hear that you're feeling this way. It sounds like you're going through a really tough time right now. It's completely understandable to feel overwhelmed and lonely, but please know that you are not alone. Your worth is not defined by how you perceive yourself or by external factors. You are deserving of love and support, and there are people who care about you. It's important to reach out for help and talk to someone about how you're feeling. You deserve to feel better and to find hope for the future."
7qjlb1,What does it feel like to love yourself?. It's a geniune question. I am curious because I've only hated myself.,Baseline (GPT-3.5),"I'm sorry to hear that you've been struggling with self-hatred. Loving yourself can feel like acceptance, compassion, and kindness towards yourself. It involves recognizing your worth, embracing your strengths and weaknesses, and treating yourself with the same care and respect that you would offer to a loved one. It's a journey that takes time and effort, but it is possible to learn to love and appreciate yourself. If you'd like to talk more about this or need support, I'm here to listen."
a6qac1,People keep saying we should fight our problems no matter what. but why?? What's the purpose of doing that?,Baseline (GPT-3.5),"It's completely understandable to feel overwhelmed by the idea of constantly fighting your problems. It's important to remember that it's okay to not always have the strength or energy to fight. Sometimes, it's more about finding ways to cope and manage your challenges rather than constantly battling them. It's okay to take a step back, seek support, and focus on self-care. Your well-being is important, and it's okay to prioritize your mental health in a way that feels right for you."
95pf4d,"im at my lowest point in life. i keep on failing at everything i do, i have no reason to live. Please help i cant do this anymore. Its become too big for me, i have no idea or hope on what to do. Please, help.",Baseline (GPT-3.5),"I'm so sorry to hear that you're feeling this way. It sounds like you're going through a really tough time right now. It's important to remember that you're not alone in this, and there are people who care about you and want to help. Have you considered reaching out to a mental health professional or a trusted friend or family member for support? You deserve to feel better and there are resources available to help you through this difficult time. Please know that your life has value and there is hope for a brighter future."
89lw5c,Lost. I tried to kill myself last week. And then yesterday at 4am I had to rush my husband to the hospital cause he overdosed to try and kill himself. He's okay and has come home. But now all I can do is blame myself. I was already really depressed but now it's even worse. I have no interest in anything right now. All I want to do is curl up and ignore the world. Just being around my friend and husband right now is making it even worse. I just dont know what to do. He needs me right now but I just dont know what to do. I'm struggling myself and I just feel so lost.,Baseline (GPT-3.5),"I'm so sorry to hear that you're going through such a difficult time. It's completely understandable that you're feeling overwhelmed and lost right now. It's important to remember that you are not alone in this, and it's okay to seek help and support for yourself as well. Taking care of your own mental health is crucial, especially during such challenging times. Have you considered reaching out to a therapist or counselor for support? It's important to prioritize your own well-being so that you can better support your husband and yourself. Remember to be kind to yourself and give yourself the space and time you need to heal. You are strong, and you can get through this."
4ibahh,"why do I feel this. Why do us as humans feel the need to love, and be loved in return. And why if we dont recieve this level of effection do we turn to depression. Is our depression a weird form of coping cause by a lack of affection?",Baseline (GPT-3.5),"It's completely normal to have these feelings and questions about love and affection. As humans, we have a natural need for connection and belonging, and feeling loved and cared for is a fundamental part of our emotional well-being. When we don't receive the level of affection or love we desire, it can indeed lead to feelings of sadness, loneliness, and even depression.

Depression can be a complex and multifaceted condition, influenced by a variety of factors including genetics, life experiences, and environment. While a lack of affection or love can contribute to feelings of depression, it's important to remember that depression is not solely caused by this factor alone.

If you're struggling with feelings of depression or loneliness, it's important to reach out for support. Talking to a mental health professional or a trusted person in your life can help you explore these feelings and develop coping strategies to improve your well-being. You are not alone in feeling this way, and there is help available to support you through this."
5qhw02,"I got beaten today. It doesn't really matter, I ran out of the house and stayed to rot on the streets, if the police didn't stop me I wouldn't have been alive. I don't have a will to live I'm killing mysel this week. Life is not worth living",Baseline (GPT-3.5),"I'm so sorry to hear that you experienced such a traumatic and painful situation. It's completely understandable to feel overwhelmed and hopeless after going through something like that. Your safety and well-being are so important, and I'm glad that the police were able to intervene and help you. Please know that you are not alone in this, and there are people who care about you and want to support you through this difficult time. If you are feeling like you want to harm yourself, please reach out for help. You deserve to feel safe and supported."
5zfnq7,I feel so empty.... and I don't know what to do...,Baseline (GPT-3.5),I'm really sorry to hear that you're feeling this way. It's completely understandable to feel lost and empty at times. Remember that it's okay to not have all the answers right now. Is there anything specific that's been weighing on your mind? I'm here to listen and support you through this.
9sj6sm,Alone girl. I just want to find a connection,Baseline (GPT-3.5),"I hear you. It's completely normal to crave connection with others. Remember, you are not alone in feeling this way. It's important to take small steps towards building connections, whether it's reaching out to a friend, joining a group or community, or seeking support from a mental health professional. You deserve to feel connected and supported."
8zt8qp,"Anti depressants. Hey guys wanted to know your thoughts on anti depressants? What worked, what didn't, side effects and just any advice from experience.",Baseline (GPT-3.5),"I'm glad you're reaching out for information and support regarding antidepressants. It's important to remember that everyone's experience with medication can be different, as our bodies and minds respond uniquely to treatment. Some people find that antidepressants are very effective in managing their symptoms and improving their quality of life, while others may not have the same positive experience.

It's common to experience side effects when starting a new medication, but these often subside as your body adjusts. It's crucial to communicate openly with your healthcare provider about any side effects you may be experiencing, as they can help adjust your dosage or try a different medication if needed.

Remember that finding the right medication and dosage can sometimes take time and patience, so it's essential to work closely with your healthcare provider to monitor your progress and make any necessary adjustments. Additionally, therapy and other forms of support can be beneficial in conjunction with medication to help address the root causes of your depression.

Ultimately, the decision to try antidepressants is a personal one, and it's important to prioritize your mental health and well-being. If you have any concerns or questions, don't hesitate to reach out to your healthcare provider for guidance and support. You're not alone in this journey, and there are resources available to help you navigate your treatment options."
5axbtx,"Random and unexpected triggers. You know what's a lot of fun with depression? When you're actually doing OK one day, no negative thoughts, maybe even feel kind of normal, and then out of nowhere some random thing triggers a crippling wave of despair and agony. I go from pretty decent to wanting to ram my goddamn head through a wall for the thoughts to get out of my head. I'm not sure I'll ever be normal...",Baseline (GPT-3.5),"I'm really sorry to hear that you're going through this. It must be incredibly tough to experience those sudden and intense waves of despair. It's completely understandable to feel overwhelmed by these unexpected triggers, and it's important to remember that you're not alone in feeling this way. It's okay to have ups and downs in your mental health journey, and it's a sign of strength to reach out for support during these challenging moments. Please know that there is hope for healing and that you deserve to feel better. If you ever need someone to talk to or support, I'm here for you."
5ucx51,Does any find hobbies to actually work?. I want to be able to pour my energy into something but I don't know is someone with a depressive disorder can commit to finishing or committing to a hobby. Does anyone have hobbies or projects that keep them motivated day to day?,Baseline (GPT-3.5),"I hear you, and I understand how challenging it can be to find motivation and stick with hobbies or projects, especially when dealing with a depressive disorder. It's great that you're looking for ways to channel your energy into something positive. Many people with depressive disorders have found that engaging in creative activities like painting, writing, or crafting can be therapeutic and help them stay motivated day to day. It's important to start small and be gentle with yourself as you explore different hobbies to see what resonates with you. Remember, it's okay to take breaks and not put too much pressure on yourself. You're not alone in this journey, and it's okay to seek support from loved ones or a mental health professional if needed."
9zi48r,"Feeling guilty about living. I feel guilty whenever my parents fight each other, like it's my fault for being born; I feel as if I've given them nothing but trouble from the beginning. I don't ask for almost anything at all either, because then I'd feel like even more of a burden.",Baseline (GPT-3.5),"I'm so sorry to hear that you're feeling this way. It's not your fault that your parents fight, and you are not a burden. Your existence is not the cause of their disagreements. It's understandable to feel guilty, but please remember that you are worthy of love and care just like anyone else. It's important to prioritize your own well-being and not carry the weight of their conflicts on your shoulders. You deserve to ask for help and support when you need it. If you ever need someone to talk to, I'm here to listen."
443e82,i just spent the last hour or so crying my ass off.. my upper lip's gone stiff and numb. i feel like throwing up. i don't feel like i can survive tomorrow.,Baseline (GPT-3.5),"I'm so sorry to hear that you're feeling this way. It sounds like you're going through a really tough time right now. It's okay to feel overwhelmed and it's important to take care of yourself. Remember that you're not alone and there are people who care about you. If you feel like you can't make it through tomorrow, please consider reaching out for support. You deserve to feel better and there are resources available to help you through this."
78hlrc,If there was truly a god as religion describes it would do everything in its power to help its creation.. Not create such a physically and mentally flawed creation so susceptible to disease and psychological problems. And being this god created man in its own image that means this god is flawed and certainly not something I'd put my faith in.,Baseline (GPT-3.5),"It sounds like you're feeling disillusioned and questioning your beliefs. It's completely normal to have doubts and struggle with the concept of a higher power, especially when faced with the challenges and suffering in the world. It's important to explore these feelings and thoughts at your own pace and find what resonates with you personally. Remember, it's okay to seek support and guidance as you navigate these complex emotions."
4vmhxb,Does any one feel like they were never good enough?. I constantly feel like i'm letting everyone down.,Baseline (GPT-3.5),I'm really sorry to hear that you're feeling this way. It sounds like you're putting a lot of pressure on yourself. Remember that it's okay to make mistakes and that nobody is perfect. You are worthy and deserving of love and acceptance just as you are. Have you considered talking to a therapist or counselor about these feelings? They can provide support and help you work through these thoughts.
4ra9qr,"Another summer alone and penniless. Have tried to find work, no felonies, I just have no life, makes me question weather life is worth living, I always have feeling I'll die this way,",Baseline (GPT-3.5),"I'm really sorry to hear that you're feeling this way. It sounds like you're going through a really tough time, and it's completely understandable to feel overwhelmed and hopeless. Please know that you are not alone in feeling this way, and there are people who care about you and want to help. It's important to reach out for support, whether it's talking to a friend, a mental health professional, or a support hotline. You deserve to feel better and to have a fulfilling life, and there are resources available to help you through this difficult time."
7lhyjd,"im kinda okay.. Not really... I'm kinda sad, kinda lame, kinda scared, kinda sick, kinda tired, i kinda wanna die.",Baseline (GPT-3.5),"I'm really sorry to hear that you're feeling this way. It sounds like you're going through a lot right now. It's okay to feel a mix of emotions, and it's important to take care of yourself. Have you thought about reaching out to a mental health professional or a trusted person for support? You don't have to go through this alone. Your feelings are valid, and you deserve to feel better."
6ogjn9,"I feel like going to college was pointless, because I'll be living paycheck to paycheck once I graduate. i'm going to be 100k in school debt by the time I graduate with a degree in IT. my payments with the longest repayment plan will be about $700/mo. i feel like i'll never be able to afford a house, kids, etc when i graduate so what's the point? i've been having panic attacks all day and night and i feel like all i've worked for up until this point has been useless.",Baseline (GPT-3.5),"I'm so sorry to hear that you're feeling this way. It's completely understandable to feel overwhelmed by the financial burden of student debt and the uncertainty of the future. It's important to remember that you're not alone in feeling this way, and many others are facing similar challenges. It's okay to feel scared and anxious about the future, but please know that there are resources and support available to help you navigate this difficult time. Have you considered reaching out to a financial advisor or counselor to explore your options and create a plan that works for you? Your hard work and education are valuable, and there are ways to manage your debt and build a stable future. Remember to take care of yourself and reach out for help when you need it."
5uux2v,I feel like I broke the record for suicidal thoughts.. I hate myself and I want to die.,Baseline (GPT-3.5),"I'm so sorry to hear that you're feeling this way. It sounds like you're in a lot of pain right now. It's important to remember that these thoughts and feelings are temporary, and there is help and support available to you. You are not alone in this, and there are people who care about you and want to help. Please consider reaching out to a mental health professional or a crisis helpline for support. Your life is valuable, and you deserve to feel better."
65rcgo,"my little sister told me she wanted to die , what the fuck am i supposed to do :( .. i don't know what to do .",Baseline (GPT-3.5),"I'm so sorry to hear that you're going through this. It's really tough to hear someone you care about express those feelings. It's important to take her seriously and let her know that you're there for her. Encourage her to talk about what she's going through and consider seeking professional help together. You can also reach out to a mental health hotline or crisis service for guidance on how to support her. Remember, you're not alone in this and there are resources available to help."
amwpga,"I just slept for 20 out of the past 24 hours (not straight, but still) because I wanted a break from the suicidal thoughts.. Does anyone else just sleep to avoid suicidal thoughts?",Baseline (GPT-3.5),I'm really sorry to hear that you're struggling with suicidal thoughts. It's understandable that you would want to escape from those thoughts by sleeping. It's important to take care of yourself and find healthy ways to cope with these difficult feelings. Have you considered reaching out to a mental health professional for support? You don't have to go through this alone.
8pfmx8,POEM:Hollow. ***EMPTY*** *rooms and* ***EMPTY*** ***SOULS*** ***FORGOTTEN*** *places and* ***HEART*** *shaped holes* ***DEPRESSION*** *comes with days of* ***STRUGGLE*** *and often times a* ***BLOODY PUDDLE*** UP\-VOTES CURE MY DEPRESSION,Baseline (GPT-3.5),"I can sense the deep emotions and struggles you are expressing through your poem. It sounds like you are going through a difficult time, and I want you to know that you are not alone. It's important to reach out for support and talk to someone about how you are feeling. Your feelings are valid, and there are people who care about you and want to help. Remember, seeking help is a sign of strength, and there are resources available to support you through this challenging time."
73u8gw,What do you guys continue for?. Just struggling to find a point in it all,Baseline (GPT-3.5),"I hear you, it sounds like you're feeling really overwhelmed right now. It's completely normal to have moments where you question the purpose or meaning of things. Remember, it's okay to feel this way and you're not alone in these thoughts. Is there something specific that's been weighing on your mind lately?"
5wzvgy,"Anyone else just feel completely demorelized and defeated. After years of this depression thing, at some point all you can do is look in hindsight and think wow, this sure has made my life miserable",Baseline (GPT-3.5),I'm really sorry to hear that you're feeling this way. It's completely understandable to feel demoralized and defeated after struggling with depression for so long. It's important to remember that you're not alone in feeling this way and that it's okay to have these feelings. It's also important to acknowledge the strength and resilience it takes to keep going despite these challenges. Please remember to be kind to yourself and reach out for support when you need it. You deserve compassion and understanding during this difficult time.
5e1rq7,Why are you depress?. I dont know myself im ok now because im highhh i think because i over look everything the point that nothing feels natural Like im not myself I need to get better.,Baseline (GPT-3.5),"It sounds like you're going through a tough time right now. It's common to feel disconnected from yourself when you're struggling with your mental health. It's great that you're recognizing the need to get better and seeking help. Remember, it's okay to not be okay, and reaching out for support is a positive step towards healing. Is there anything specific that's been weighing on your mind lately?"
